folder,param1,param2,csv_name,c,d,Best_P,Delta_at_BestP,Mu_at_BestP
-10_-35,-10,-35,CHEES_-35_5000.csv,-35,5000,2.359828398,2.267119239,2.317728965
-12_-35,-12,-35,CHEES_-35_5000.csv,-35,5000,2.359828398,2.267119239,2.317728965
-14_-35,-14,-35,CHEES_-35_5000.csv,-35,5000,2.359828398,2.267119239,2.317728965
-16_-35,-16,-35,CHEES_-35_5000.csv,-35,5000,2.359828398,2.267119239,2.317728965
-18_-35,-18,-35,CHEES_-35_5000.csv,-35,5000,2.359828398,2.267119239,2.317728965
-20_-35,-20,-35,CHEES_-35_5000.csv,-35,5000,2.359828398,2.267119239,2.317728965
-22_-35,-22,-35,CHEES_-35_5000.csv,-35,5000,2.359828398,2.267119239,2.317728965
-24_-35,-24,-35,CHEES_-35_5000.csv,-35,5000,2.359828398,2.267119239,2.317728965
-26_-35,-26,-35,CHEES_-35_5000.csv,-35,5000,2.359828398,2.267119239,2.317728965
-28_-35,-28,-35,CHEES_-35_5000.csv,-35,5000,2.359828398,2.267119239,2.317728965
-30_-35,-30,-35,CHEES_-35_5000.csv,-35,5000,2.359828398,2.267119239,2.317728965
-5_-35,-5,-35,CHEES_-35_5000.csv,-35,5000,2.359828398,2.267119239,2.317728965
-6_-35,-6,-35,CHEES_-35_5000.csv,-35,5000,2.359828398,2.267119239,2.317728965
-7_-35,-7,-35,CHEES_-35_5000.csv,-35,5000,2.359828398,2.267119239,2.317728965
-8_-35,-8,-35,CHEES_-35_5000.csv,-35,5000,2.359828398,2.267119239,2.317728965
-5_-36,-5,-36,CHEES_-35_4900.csv,-35,4900,2.362278919,2.275183687,2.177380802
-6_-36,-6,-36,CHEES_-35_4900.csv,-35,4900,2.362397201,2.275315949,2.177031296
-7_-36,-7,-36,CHEES_-35_4900.csv,-35,4900,2.36253625,2.275464719,2.176788288
-8_-36,-8,-36,CHEES_-35_4900.csv,-35,4900,2.362657087,2.275592847,2.176606009
-10_-36,-10,-36,CHEES_-35_4900.csv,-35,4900,2.362905917,2.27587408,2.175795916
-12_-36,-12,-36,CHEES_-35_4900.csv,-35,4900,2.363244152,2.276245498,2.174966345
-14_-36,-14,-36,CHEES_-35_4900.csv,-35,4900,2.363664861,2.276704473,2.174009708
-16_-36,-16,-36,CHEES_-35_4900.csv,-35,4900,2.364160418,2.277241422,2.17297489
-18_-36,-18,-36,CHEES_-35_5000.csv,-35,5000,2.364744222,2.273976747,2.269186867
-20_-36,-20,-36,CHEES_-35_5000.csv,-35,5000,2.365447158,2.274753686,2.267336807
-22_-36,-22,-36,CHEES_-35_5000.csv,-35,5000,2.366413252,2.275810583,2.265066726
-24_-36,-24,-36,CHEES_-35_5000.csv,-35,5000,2.367653498,2.277165631,2.262196663
-26_-36,-26,-36,CHEES_-35_5000.csv,-35,5000,2.369472467,2.279156567,2.257897494
-28_-36,-28,-36,CHEES_-35_5000.csv,-35,5000,2.372195204,2.282117767,2.251935904
-30_-36,-30,-36,CHEES_-35_5000.csv,-35,5000,2.377115029,2.287468138,2.241172289
-5_-37,-5,-37,CHEES_-35_4900.csv,-35,4900,2.36431443,2.278688623,2.140645177
-6_-37,-6,-37,CHEES_-35_4900.csv,-35,4900,2.36454591,2.278945492,2.140010441
-7_-37,-7,-37,CHEES_-35_4900.csv,-35,4900,2.364760123,2.279171249,2.139721859
-8_-37,-8,-37,CHEES_-35_4900.csv,-35,4900,2.365002178,2.27943611,2.139151699
-10_-37,-10,-37,CHEES_-35_4900.csv,-35,4900,2.365569633,2.280051075,2.137963953
-12_-37,-12,-37,CHEES_-35_4900.csv,-35,4900,2.366228941,2.280764247,2.136617347
-14_-37,-14,-37,CHEES_-35_4900.csv,-35,4900,2.367018885,2.281624424,2.134861516
-16_-37,-16,-37,CHEES_-35_4900.csv,-35,4900,2.367942633,2.282622758,2.13299689
-18_-37,-18,-37,CHEES_-35_4900.csv,-35,4900,2.369085411,2.283851958,2.130836332
-20_-37,-20,-37,CHEES_-35_4900.csv,-35,4900,2.370586888,2.285487771,2.127477925
-22_-37,-22,-37,CHEES_-35_4900.csv,-35,4900,2.372457461,2.287504234,2.123830694
-24_-37,-24,-37,CHEES_-35_4900.csv,-35,4900,2.375028644,2.290285358,2.118582147
-26_-37,-26,-37,CHEES_-35_4900.csv,-35,4900,2.378630248,2.294163432,2.111670388
-28_-37,-28,-37,CHEES_-35_5000.csv,-35,5000,2.384068346,2.296275136,2.194830246
-30_-37,-30,-37,CHEES_-35_5000.csv,-35,5000,2.393127592,2.30601377,2.177845543
-5_-38,-5,-38,CHEES_-35_4900.csv,-35,4900,2.366659102,2.282365119,2.107349575
-6_-38,-6,-38,CHEES_-35_4900.csv,-35,4900,2.366973696,2.282707266,2.106660757
-7_-38,-7,-38,CHEES_-35_4900.csv,-35,4900,2.367324234,2.283085106,2.105978213
-8_-38,-8,-38,CHEES_-35_4900.csv,-35,4900,2.367694298,2.283484573,2.10524311
-12_-38,-12,-38,CHEES_-35_4900.csv,-35,4900,2.369489662,2.285434598,2.101376589
-10_-38,-10,-38,CHEES_-35_5000.csv,-35,5000,2.370296719,2.282491145,2.195139351
-14_-38,-14,-38,CHEES_-35_4900.csv,-35,4900,2.370626512,2.286656504,2.099250204
-16_-38,-16,-38,CHEES_-35_4900.csv,-35,4900,2.372034228,2.288175689,2.096463488
-18_-38,-18,-38,CHEES_-35_4900.csv,-35,4900,2.373768221,2.290058296,2.092748124
-20_-38,-20,-38,CHEES_-35_4900.csv,-35,4900,2.375884374,2.292333609,2.088769125
-22_-38,-22,-38,CHEES_-35_4900.csv,-35,4900,2.378615944,2.295270141,2.083645079
-24_-38,-24,-38,CHEES_-35_4900.csv,-35,4900,2.38223187,2.299143084,2.077219649
-26_-38,-26,-38,CHEES_-35_4900.csv,-35,4900,2.387440524,2.304716242,2.068107051
-28_-38,-28,-38,CHEES_-35_4900.csv,-35,4900,2.395066963,2.312869095,2.054946703
-30_-38,-30,-38,CHEES_-35_5000.csv,-35,5000,2.407766412,2.322784947,2.124536605
-5_-40,-5,-40,CHEES_-35_4900.csv,-35,4900,2.372197923,2.29026712,2.048270079
-7_-40,-7,-40,CHEES_-35_4900.csv,-35,4900,2.373295879,2.291446634,2.046231135
-8_-40,-8,-40,CHEES_-35_4900.csv,-35,4900,2.373866244,2.292065536,2.045017686
-10_-40,-10,-40,CHEES_-35_4900.csv,-35,4900,2.375343479,2.293620672,2.04307017
-6_-40,-6,-40,CHEES_-35_4800.csv,-35,4800,2.375582943,2.296984478,1.964961624
-12_-40,-12,-40,CHEES_-35_4900.csv,-35,4900,2.376719828,2.295142276,2.039438787
-14_-40,-14,-40,CHEES_-35_4900.csv,-35,4900,2.378551539,2.297106948,2.036114789
-16_-40,-16,-40,CHEES_-35_4900.csv,-35,4900,2.380702941,2.299416303,2.03216594
-18_-40,-18,-40,CHEES_-35_4900.csv,-35,4900,2.383374212,2.302278051,2.027404024
-20_-40,-20,-40,CHEES_-35_4900.csv,-35,4900,2.386635591,2.305765619,2.021749317
-22_-40,-22,-40,CHEES_-35_4900.csv,-35,4900,2.390851552,2.310265909,2.014641087
-24_-40,-24,-40,CHEES_-35_4900.csv,-35,4900,2.396412938,2.316186694,2.005656108
-26_-40,-26,-40,CHEES_-35_4900.csv,-35,4900,2.404030498,2.324255354,1.994378596
-28_-40,-28,-40,CHEES_-35_4900.csv,-35,4900,2.415367831,2.336221709,1.97865305
-30_-40,-30,-40,CHEES_-35_4900.csv,-35,4900,2.43349155,2.35526512,1.955660751
-5_-42,-5,-42,CHEES_-35_4900.csv,-35,4900,2.37870559,2.298756605,1.99872462
-6_-42,-6,-42,CHEES_-35_4900.csv,-35,4900,2.379384805,2.299482827,1.997549456
-7_-42,-7,-42,CHEES_-35_4900.csv,-35,4900,2.380148669,2.300306391,1.99605697
-8_-42,-8,-42,CHEES_-35_4900.csv,-35,4900,2.380943645,2.301155489,1.994703908
-10_-42,-10,-42,CHEES_-35_4900.csv,-35,4900,2.382661227,2.302998561,1.991566664
-12_-42,-12,-42,CHEES_-35_4900.csv,-35,4900,2.384771597,2.305253138,1.987961473
-14_-42,-14,-42,CHEES_-35_4900.csv,-35,4900,2.387161049,2.307813509,1.983688494
-16_-42,-16,-42,CHEES_-35_4900.csv,-35,4900,2.390006389,2.310848086,1.978957575
-18_-42,-18,-42,CHEES_-35_4900.csv,-35,4900,2.393478307,2.314545334,1.973324311
-20_-42,-20,-42,CHEES_-35_4900.csv,-35,4900,2.397781567,2.319120541,1.966525647
-22_-42,-22,-42,CHEES_-35_4900.csv,-35,4900,2.403225009,2.324888336,1.958416837
-24_-42,-24,-42,CHEES_-35_4900.csv,-35,4900,2.410307813,2.332373823,1.948349752
-26_-42,-26,-42,CHEES_-35_4900.csv,-35,4900,2.42000847,2.342594134,1.935358399
-28_-42,-28,-42,CHEES_-35_4900.csv,-35,4900,2.433782846,2.357045093,1.918443827
-30_-42,-30,-42,CHEES_-35_4900.csv,-35,4900,2.455576096,2.37978179,1.894857652
-5_-44,-5,-44,CHEES_-35_4800.csv,-35,4800,2.38553704,2.310179477,1.883939075
-6_-44,-6,-44,CHEES_-35_4800.csv,-35,4800,2.386450193,2.311150523,1.882491758
-7_-44,-7,-44,CHEES_-35_4800.csv,-35,4800,2.387393501,2.312147614,1.881147186
-8_-44,-8,-44,CHEES_-35_4800.csv,-35,4800,2.38844663,2.313268831,1.879444968
-10_-44,-10,-44,CHEES_-35_4900.csv,-35,4900,2.390702171,2.312734387,1.949194607
-12_-44,-12,-44,CHEES_-35_4900.csv,-35,4900,2.393319088,2.315519279,1.944995203
-14_-44,-14,-44,CHEES_-35_4900.csv,-35,4900,2.396144051,2.318530537,1.940337849
-16_-44,-16,-44,CHEES_-35_4900.csv,-35,4900,2.399672807,2.322270537,1.935056764
-18_-44,-18,-44,CHEES_-35_4900.csv,-35,4900,2.403877644,2.326727429,1.928755384
-20_-44,-20,-44,CHEES_-35_4900.csv,-35,4900,2.408980989,2.332125319,1.921391751
-22_-44,-22,-44,CHEES_-35_4900.csv,-35,4900,2.415456634,2.338952663,1.912599279
-24_-44,-24,-44,CHEES_-35_4900.csv,-35,4900,2.423817848,2.34775926,1.901464698
-26_-44,-26,-44,CHEES_-35_4900.csv,-35,4900,2.43492606,2.359396138,1.888248064
-28_-44,-28,-44,CHEES_-35_4900.csv,-35,4900,2.450840266,2.376009672,1.870764846
-30_-44,-30,-44,CHEES_-35_4900.csv,-35,4900,2.475150456,2.401230559,1.847997423
-5_-46,-5,-46,CHEES_-35_4800.csv,-35,4800,2.391531903,2.317398821,1.853327062
-6_-46,-6,-46,CHEES_-35_4800.csv,-35,4800,2.392585735,2.318511438,1.851857438
-7_-46,-7,-46,CHEES_-35_4800.csv,-35,4800,2.393752508,2.319752836,1.849991782
-8_-46,-8,-46,CHEES_-35_4800.csv,-35,4800,2.394952198,2.32101803,1.848354195
-10_-46,-10,-46,CHEES_-35_4800.csv,-35,4800,2.397662871,2.323883465,1.844485158
-12_-46,-12,-46,CHEES_-35_4800.csv,-35,4800,2.400690585,2.327081794,1.840219789
-14_-46,-14,-46,CHEES_-35_4800.csv,-35,4800,2.404266308,2.33086019,1.835152951
-16_-46,-16,-46,CHEES_-35_4800.csv,-35,4800,2.408460486,2.335273156,1.829683264
-18_-46,-18,-46,CHEES_-35_4800.csv,-35,4800,2.413487446,2.340554962,1.823312105
-20_-46,-20,-46,CHEES_-35_4800.csv,-35,4800,2.41962801,2.347000845,1.815679128
-22_-46,-22,-46,CHEES_-35_4900.csv,-35,4900,2.427187278,2.352189377,1.874947547
-24_-46,-24,-46,CHEES_-35_4900.csv,-35,4900,2.436474157,2.361924652,1.863737628
-26_-46,-26,-46,CHEES_-35_4900.csv,-35,4900,2.449058252,2.375060424,1.849945719
-28_-46,-28,-46,CHEES_-35_4900.csv,-35,4900,2.466419797,2.393104773,1.83287559
-30_-46,-30,-46,CHEES_-35_4900.csv,-35,4900,2.492542572,2.420106757,1.81089537
-5_-48,-5,-48,CHEES_-35_4800.csv,-35,4800,2.398106113,2.32498846,1.827941339
-6_-48,-6,-48,CHEES_-35_4800.csv,-35,4800,2.399328771,2.326284255,1.82611289
-7_-48,-7,-48,CHEES_-35_4800.csv,-35,4800,2.400581583,2.327606455,1.824378208
-8_-48,-8,-48,CHEES_-35_4800.csv,-35,4800,2.401960079,2.329062956,1.822428072
-10_-48,-10,-48,CHEES_-35_4800.csv,-35,4800,2.404967343,2.332231634,1.81839273
-12_-48,-12,-48,CHEES_-35_4800.csv,-35,4800,2.408428469,2.335879051,1.813735448
-14_-48,-14,-48,CHEES_-35_4800.csv,-35,4800,2.412420967,2.340074685,1.808657042
-16_-48,-16,-48,CHEES_-35_4800.csv,-35,4800,2.417153088,2.345040547,1.802813524
-18_-48,-18,-48,CHEES_-35_4800.csv,-35,4800,2.422736855,2.350893753,1.796077537
-20_-48,-20,-48,CHEES_-35_4800.csv,-35,4800,2.429499646,2.35796394,1.788392653
-22_-48,-22,-48,CHEES_-35_4800.csv,-35,4800,2.437924243,2.366752137,1.779302638
-24_-48,-24,-48,CHEES_-35_4800.csv,-35,4800,2.448619571,2.377878251,1.768533005
-26_-48,-26,-48,CHEES_-35_4900.csv,-35,4900,2.462496787,2.389735307,1.819037008
-28_-48,-28,-48,CHEES_-35_4900.csv,-35,4900,2.481074733,2.408971864,1.802571711
-30_-48,-30,-48,CHEES_-35_4900.csv,-35,4900,2.508446083,2.437183474,1.781565218
-5_-50,-5,-50,CHEES_-35_4800.csv,-35,4800,2.405136302,2.332847215,1.807227175
-6_-50,-6,-50,CHEES_-35_4800.csv,-35,4800,2.406495644,2.334277593,1.805451283
-7_-50,-7,-50,CHEES_-35_4800.csv,-35,4800,2.408018615,2.335874892,1.803593095
-8_-50,-8,-50,CHEES_-35_4800.csv,-35,4800,2.409449404,2.337394052,1.8013838
-10_-50,-10,-50,CHEES_-35_4800.csv,-35,4800,2.413086008,2.341169254,1.79791886
-12_-50,-12,-50,CHEES_-35_4800.csv,-35,4800,2.416669939,2.344965736,1.792605076
-14_-50,-14,-50,CHEES_-35_4800.csv,-35,4800,2.420979419,2.349492212,1.78718016
-16_-50,-16,-50,CHEES_-35_4800.csv,-35,4800,2.426129912,2.354886589,1.781083081
-18_-50,-18,-50,CHEES_-35_4800.csv,-35,4800,2.432297566,2.361326506,1.774276505
-20_-50,-20,-50,CHEES_-35_4800.csv,-35,4800,2.439712036,2.369053609,1.766460654
-22_-50,-22,-50,CHEES_-35_4800.csv,-35,4800,2.448728902,2.378433805,1.757377422
-24_-50,-24,-50,CHEES_-35_4800.csv,-35,4800,2.460316835,2.390438598,1.746955917
-26_-50,-26,-50,CHEES_-35_4800.csv,-35,4800,2.475084569,2.405710073,1.734362404
-28_-50,-28,-50,CHEES_-35_4900.csv,-35,4900,2.495384932,2.424249872,1.778376488
-30_-50,-30,-50,CHEES_-35_4900.csv,-35,4900,2.523719529,2.453368192,1.758783417
-5_-52,-5,-52,CHEES_-35_4800.csv,-35,4800,2.412900568,2.341269775,1.790769834
-6_-52,-6,-52,CHEES_-35_4800.csv,-35,4800,2.414318254,2.342763738,1.788862912
-7_-52,-7,-52,CHEES_-35_4800.csv,-35,4800,2.41595141,2.344464433,1.787174427
-8_-52,-8,-52,CHEES_-35_4800.csv,-35,4800,2.417603023,2.346196184,1.785170972
-10_-52,-10,-52,CHEES_-35_4800.csv,-35,4800,2.42121339,2.349980142,1.78083119
-12_-52,-12,-52,CHEES_-35_4800.csv,-35,4800,2.425348018,2.354315823,1.775804875
-14_-52,-14,-52,CHEES_-35_4800.csv,-35,4800,2.430134601,2.35932464,1.770249034
-16_-52,-16,-52,CHEES_-35_4800.csv,-35,4800,2.435642355,2.365071505,1.764271265
-18_-52,-18,-52,CHEES_-35_4800.csv,-35,4800,2.442134076,2.371850048,1.757100697
-20_-52,-20,-52,CHEES_-35_4800.csv,-35,4800,2.450013636,2.38004129,1.749308637
-22_-52,-22,-52,CHEES_-35_4800.csv,-35,4800,2.459809992,2.390189689,1.740507572
-24_-52,-24,-52,CHEES_-35_4800.csv,-35,4800,2.472088495,2.402869746,1.730468729
-26_-52,-26,-52,CHEES_-35_4800.csv,-35,4800,2.487391276,2.418673785,1.717937286
-28_-52,-28,-52,CHEES_-35_4800.csv,-35,4800,2.508146402,2.440015265,1.703278421
-30_-52,-30,-52,CHEES_-35_4800.csv,-35,4800,2.53766851,2.470247064,1.685536145
-5_-54,-5,-54,CHEES_-35_4800.csv,-35,4800,2.420893695,2.34976792,1.778144358
-6_-54,-6,-54,CHEES_-35_4800.csv,-35,4800,2.422442283,2.35139779,1.77611232
-7_-54,-7,-54,CHEES_-35_4800.csv,-35,4800,2.424068158,2.353100694,1.774186584
-8_-54,-8,-54,CHEES_-35_4800.csv,-35,4800,2.426010094,2.35512061,1.772237087
-10_-54,-10,-54,CHEES_-35_4800.csv,-35,4800,2.430072206,2.359341768,1.768260958
-12_-54,-12,-54,CHEES_-35_4800.csv,-35,4800,2.434176844,2.363672649,1.762604872
-14_-54,-14,-54,CHEES_-35_4800.csv,-35,4800,2.439232406,2.368948017,1.757109715
-16_-54,-16,-54,CHEES_-35_4800.csv,-35,4800,2.445243162,2.37519771,1.751136288
-18_-54,-18,-54,CHEES_-35_4800.csv,-35,4800,2.452151611,2.382390517,1.744027361
-20_-54,-20,-54,CHEES_-35_4800.csv,-35,4800,2.460491875,2.391035969,1.736397645
-22_-54,-22,-54,CHEES_-35_4800.csv,-35,4800,2.470585842,2.401487179,1.727466586
-24_-54,-24,-54,CHEES_-35_4800.csv,-35,4800,2.483219449,2.41452276,1.717417222
-26_-54,-26,-54,CHEES_-35_4800.csv,-35,4800,2.499233785,2.43101902,1.705369116
-28_-54,-28,-54,CHEES_-35_4800.csv,-35,4800,2.520471836,2.452809636,1.691555
-30_-54,-30,-54,CHEES_-35_4800.csv,-35,4800,2.550402029,2.483397095,1.67512335
-5_-56,-5,-56,CHEES_-35_4700.csv,-35,4700,2.42837897,2.359704208,1.716869056
-6_-56,-6,-56,CHEES_-35_4700.csv,-35,4700,2.430133131,2.361536404,1.714918178
-7_-56,-7,-56,CHEES_-35_4700.csv,-35,4700,2.431846165,2.363335212,1.712773824
-8_-56,-8,-56,CHEES_-35_4700.csv,-35,4700,2.433919116,2.365480041,1.71097688
-10_-56,-10,-56,CHEES_-35_4700.csv,-35,4700,2.438099545,2.369839156,1.706509736
-12_-56,-12,-56,CHEES_-35_4700.csv,-35,4700,2.442957605,2.37488795,1.701741395
-14_-56,-14,-56,CHEES_-35_4700.csv,-35,4700,2.448585291,2.380724938,1.696508826
-16_-56,-16,-56,CHEES_-35_4800.csv,-35,4800,2.454927262,2.385279672,1.741189768
-18_-56,-18,-56,CHEES_-35_4800.csv,-35,4800,2.462251922,2.392878067,1.734346372
-20_-56,-20,-56,CHEES_-35_4800.csv,-35,4800,2.470809953,2.401745917,1.726600891
-22_-56,-22,-56,CHEES_-35_4800.csv,-35,4800,2.481348647,2.412625214,1.718085827
-24_-56,-24,-56,CHEES_-35_4800.csv,-35,4800,2.494314072,2.425990132,1.708098505
-26_-56,-26,-56,CHEES_-35_4800.csv,-35,4800,2.510795377,2.442932496,1.696572022
-28_-56,-28,-56,CHEES_-35_4800.csv,-35,4800,2.532565523,2.465231693,1.683345756
-30_-56,-30,-56,CHEES_-35_4800.csv,-35,4800,2.562665865,2.495954396,1.667786717
-5_-58,-5,-58,CHEES_-35_4700.csv,-35,4700,2.436024103,2.367545083,1.711975514
-6_-58,-6,-58,CHEES_-35_4700.csv,-35,4700,2.437802094,2.369404118,1.7099494
-7_-58,-7,-58,CHEES_-35_4700.csv,-35,4700,2.439837406,2.371510031,1.708184379
-8_-58,-8,-58,CHEES_-35_4700.csv,-35,4700,2.441844782,2.373603969,1.706020335
-10_-58,-10,-58,CHEES_-35_4700.csv,-35,4700,2.446333223,2.378263077,1.701753661
-12_-58,-12,-58,CHEES_-35_4700.csv,-35,4700,2.451363349,2.383487295,1.696901367
-14_-58,-14,-58,CHEES_-35_4700.csv,-35,4700,2.457312809,2.389640767,1.691801051
-16_-58,-16,-58,CHEES_-35_4700.csv,-35,4700,2.463879274,2.396442255,1.685925484
-18_-58,-18,-58,CHEES_-35_4700.csv,-35,4700,2.471788075,2.404607251,1.679520596
-20_-58,-20,-58,CHEES_-35_4700.csv,-35,4700,2.481185036,2.414288092,1.672423618
-22_-58,-22,-58,CHEES_-35_4800.csv,-35,4800,2.492249996,2.42379481,1.711379648
-24_-58,-24,-58,CHEES_-35_4800.csv,-35,4800,2.505443424,2.437372066,1.701783947
-26_-58,-26,-58,CHEES_-35_4800.csv,-35,4800,2.522220637,2.454589523,1.690777853
-28_-58,-28,-58,CHEES_-35_4800.csv,-35,4800,2.544369788,2.477242277,1.678187781
-30_-58,-30,-58,CHEES_-35_4800.csv,-35,4800,2.574484815,2.507944596,1.663505479
-5_-60,-5,-60,CHEES_-35_4700.csv,-35,4700,2.44380755,2.375445983,1.70903917
-6_-60,-6,-60,CHEES_-35_4700.csv,-35,4700,2.445658354,2.377371116,1.707180953
-7_-60,-7,-60,CHEES_-35_4700.csv,-35,4700,2.447713718,2.379504743,1.705224381
-8_-60,-8,-60,CHEES_-35_4700.csv,-35,4700,2.449925375,2.381787654,1.703443032
-10_-60,-10,-60,CHEES_-35_4700.csv,-35,4700,2.454593464,2.386637995,1.69888671
-12_-60,-12,-60,CHEES_-35_4700.csv,-35,4700,2.46002961,2.392253939,1.694391775
-14_-60,-14,-60,CHEES_-35_4700.csv,-35,4700,2.466065792,2.398503626,1.689054137
-16_-60,-16,-60,CHEES_-35_4700.csv,-35,4700,2.472931722,2.405601851,1.683246773
-18_-60,-18,-60,CHEES_-35_4700.csv,-35,4700,2.481229339,2.414142346,1.677174843
-20_-60,-20,-60,CHEES_-35_4700.csv,-35,4700,2.490728193,2.423924185,1.670100199
-22_-60,-22,-60,CHEES_-35_4700.csv,-35,4700,2.502119488,2.435631159,1.662208226
-24_-60,-24,-60,CHEES_-35_4700.csv,-35,4700,2.516126259,2.449984278,1.653549523
-26_-60,-26,-60,CHEES_-35_4800.csv,-35,4800,2.533505039,2.466007532,1.687437691
-28_-60,-28,-60,CHEES_-35_4800.csv,-35,4800,2.555807949,2.488788298,1.675491279
-30_-60,-30,-60,CHEES_-35_4800.csv,-35,4800,2.585945132,2.519475229,1.661747579
